-- phpMyAdmin SQL Dump
-- version 5.2.1
-- https://www.phpmyadmin.net/
--
-- Servidor: 127.0.0.1
-- Tiempo de generación: 26-02-2026 a las 15:51:59
-- Versión del servidor: 10.4.32-MariaDB
-- Versión de PHP: 8.2.12

SET SQL_MODE = "NO_AUTO_VALUE_ON_ZERO";
START TRANSACTION;
SET time_zone = "+00:00";


/*!40101 SET @OLD_CHARACTER_SET_CLIENT=@@CHARACTER_SET_CLIENT */;
/*!40101 SET @OLD_CHARACTER_SET_RESULTS=@@CHARACTER_SET_RESULTS */;
/*!40101 SET @OLD_COLLATION_CONNECTION=@@COLLATION_CONNECTION */;
/*!40101 SET NAMES utf8mb4 */;

--
-- Base de datos: `spotify`
--

-- --------------------------------------------------------

--
-- Estructura de tabla para la tabla `artistas`
--

CREATE TABLE `artistas` (
  `id_artista` int(11) NOT NULL,
  `nombre` varchar(50) NOT NULL
) ENGINE=InnoDB DEFAULT CHARSET=utf8mb4 COLLATE=utf8mb4_general_ci;

--
-- Volcado de datos para la tabla `artistas`
--

INSERT INTO `artistas` (`id_artista`, `nombre`) VALUES
(1, 'PesoPluma'),
(2, 'Neemzz'),
(3, 'Valentin Elizalde'),
(4, 'Tigres del Norte');

-- --------------------------------------------------------

--
-- Estructura de tabla para la tabla `artista_canciones`
--

CREATE TABLE `artista_canciones` (
  `id_cancion` int(11) NOT NULL,
  `id_artista` int(11) NOT NULL
) ENGINE=InnoDB DEFAULT CHARSET=utf8mb4 COLLATE=utf8mb4_general_ci;

--
-- Volcado de datos para la tabla `artista_canciones`
--

INSERT INTO `artista_canciones` (`id_cancion`, `id_artista`) VALUES
(5, 1),
(6, 2),
(8, 4),
(7, 3);

-- --------------------------------------------------------

--
-- Estructura de tabla para la tabla `canciones`
--

CREATE TABLE `canciones` (
  `id_cancion` int(11) NOT NULL,
  `nombre` varchar(100) NOT NULL,
  `duracion` time NOT NULL
) ENGINE=InnoDB DEFAULT CHARSET=utf8mb4 COLLATE=utf8mb4_general_ci;

--
-- Volcado de datos para la tabla `canciones`
--

INSERT INTO `canciones` (`id_cancion`, `nombre`, `duracion`) VALUES
(4, 'La Chona', '03:01:00'),
(5, 'Chiclona', '00:03:14'),
(6, 'DND ', '00:03:16'),
(7, 'Vete Ya', '00:03:14'),
(8, 'America', '00:03:10');

-- --------------------------------------------------------

--
-- Estructura de tabla para la tabla `cancion_genero`
--

CREATE TABLE `cancion_genero` (
  `id_cancion` int(11) NOT NULL,
  `id_genero` int(11) NOT NULL
) ENGINE=InnoDB DEFAULT CHARSET=utf8mb4 COLLATE=utf8mb4_general_ci;

--
-- Volcado de datos para la tabla `cancion_genero`
--

INSERT INTO `cancion_genero` (`id_cancion`, `id_genero`) VALUES
(5, 1),
(6, 2);

-- --------------------------------------------------------

--
-- Estructura de tabla para la tabla `favoritas`
--

CREATE TABLE `favoritas` (
  `id_usuario` int(11) NOT NULL,
  `id_cancion` int(11) NOT NULL
) ENGINE=InnoDB DEFAULT CHARSET=utf8mb4 COLLATE=utf8mb4_general_ci;

--
-- Volcado de datos para la tabla `favoritas`
--

INSERT INTO `favoritas` (`id_usuario`, `id_cancion`) VALUES
(5, 6),
(4, 5);

-- --------------------------------------------------------

--
-- Estructura de tabla para la tabla `genero`
--

CREATE TABLE `genero` (
  `id_genero` int(11) NOT NULL,
  `nombre` varchar(20) NOT NULL
) ENGINE=InnoDB DEFAULT CHARSET=utf8mb4 COLLATE=utf8mb4_general_ci;

--
-- Volcado de datos para la tabla `genero`
--

INSERT INTO `genero` (`id_genero`, `nombre`) VALUES
(1, 'Regional Mexicano'),
(2, 'Trap');

-- --------------------------------------------------------

--
-- Estructura de tabla para la tabla `membresias`
--

CREATE TABLE `membresias` (
  `id_membresia` int(11) NOT NULL,
  `nombre` varchar(50) NOT NULL,
  `precio` double NOT NULL
) ENGINE=InnoDB DEFAULT CHARSET=utf8mb4 COLLATE=utf8mb4_general_ci;

--
-- Volcado de datos para la tabla `membresias`
--

INSERT INTO `membresias` (`id_membresia`, `nombre`, `precio`) VALUES
(1, 'Premium', 120),
(2, 'Gratuita', 0);

-- --------------------------------------------------------

--
-- Estructura de tabla para la tabla `playlist`
--

CREATE TABLE `playlist` (
  `id_playlist` int(11) NOT NULL,
  `id_usuario` int(11) NOT NULL,
  `nombre` varchar(100) NOT NULL,
  `num_canciones` int(11) NOT NULL,
  `duracion` time NOT NULL
) ENGINE=InnoDB DEFAULT CHARSET=utf8mb4 COLLATE=utf8mb4_general_ci;

--
-- Volcado de datos para la tabla `playlist`
--

INSERT INTO `playlist` (`id_playlist`, `id_usuario`, `nombre`, `num_canciones`, `duracion`) VALUES
(1, 5, 'Random', 0, '01:46:18'),
(2, 4, 'Tareas', 0, '03:16:18');

-- --------------------------------------------------------

--
-- Estructura de tabla para la tabla `playlist_cancion`
--

CREATE TABLE `playlist_cancion` (
  `id_cancion` int(11) NOT NULL,
  `id_playlist` int(11) NOT NULL
) ENGINE=InnoDB DEFAULT CHARSET=utf8mb4 COLLATE=utf8mb4_general_ci;

-- --------------------------------------------------------

--
-- Estructura de tabla para la tabla `usuarios`
--

CREATE TABLE `usuarios` (
  `id_usuario` int(11) NOT NULL,
  `id_membresia` int(11) NOT NULL,
  `nombre` varchar(50) NOT NULL
) ENGINE=InnoDB DEFAULT CHARSET=utf8mb4 COLLATE=utf8mb4_general_ci;

--
-- Volcado de datos para la tabla `usuarios`
--

INSERT INTO `usuarios` (`id_usuario`, `id_membresia`, `nombre`) VALUES
(4, 2, 'Santiago Nuñez'),
(5, 1, 'Gabriel Arturo');

--
-- Índices para tablas volcadas
--

--
-- Indices de la tabla `artistas`
--
ALTER TABLE `artistas`
  ADD PRIMARY KEY (`id_artista`);

--
-- Indices de la tabla `artista_canciones`
--
ALTER TABLE `artista_canciones`
  ADD KEY `id_cancion` (`id_cancion`),
  ADD KEY `id_artista` (`id_artista`);

--
-- Indices de la tabla `canciones`
--
ALTER TABLE `canciones`
  ADD PRIMARY KEY (`id_cancion`);

--
-- Indices de la tabla `cancion_genero`
--
ALTER TABLE `cancion_genero`
  ADD KEY `id_cancion` (`id_cancion`),
  ADD KEY `id_genero` (`id_genero`);

--
-- Indices de la tabla `favoritas`
--
ALTER TABLE `favoritas`
  ADD KEY `id_usuario` (`id_usuario`),
  ADD KEY `id_cancion` (`id_cancion`);

--
-- Indices de la tabla `genero`
--
ALTER TABLE `genero`
  ADD PRIMARY KEY (`id_genero`);

--
-- Indices de la tabla `membresias`
--
ALTER TABLE `membresias`
  ADD PRIMARY KEY (`id_membresia`);

--
-- Indices de la tabla `playlist`
--
ALTER TABLE `playlist`
  ADD PRIMARY KEY (`id_playlist`),
  ADD KEY `id_usuario` (`id_usuario`);

--
-- Indices de la tabla `playlist_cancion`
--
ALTER TABLE `playlist_cancion`
  ADD KEY `id_cancion` (`id_cancion`),
  ADD KEY `id_playlist` (`id_playlist`);

--
-- Indices de la tabla `usuarios`
--
ALTER TABLE `usuarios`
  ADD PRIMARY KEY (`id_usuario`),
  ADD KEY `id_membresia` (`id_membresia`);

--
-- AUTO_INCREMENT de las tablas volcadas
--

--
-- AUTO_INCREMENT de la tabla `artistas`
--
ALTER TABLE `artistas`
  MODIFY `id_artista` int(11) NOT NULL AUTO_INCREMENT, AUTO_INCREMENT=5;

--
-- AUTO_INCREMENT de la tabla `canciones`
--
ALTER TABLE `canciones`
  MODIFY `id_cancion` int(11) NOT NULL AUTO_INCREMENT, AUTO_INCREMENT=9;

--
-- AUTO_INCREMENT de la tabla `genero`
--
ALTER TABLE `genero`
  MODIFY `id_genero` int(11) NOT NULL AUTO_INCREMENT, AUTO_INCREMENT=3;

--
-- AUTO_INCREMENT de la tabla `membresias`
--
ALTER TABLE `membresias`
  MODIFY `id_membresia` int(11) NOT NULL AUTO_INCREMENT, AUTO_INCREMENT=3;

--
-- AUTO_INCREMENT de la tabla `playlist`
--
ALTER TABLE `playlist`
  MODIFY `id_playlist` int(11) NOT NULL AUTO_INCREMENT, AUTO_INCREMENT=3;

--
-- AUTO_INCREMENT de la tabla `usuarios`
--
ALTER TABLE `usuarios`
  MODIFY `id_usuario` int(11) NOT NULL AUTO_INCREMENT, AUTO_INCREMENT=6;

--
-- Restricciones para tablas volcadas
--

--
-- Filtros para la tabla `artista_canciones`
--
ALTER TABLE `artista_canciones`
  ADD CONSTRAINT `artista_canciones_ibfk_1` FOREIGN KEY (`id_artista`) REFERENCES `artistas` (`id_artista`),
  ADD CONSTRAINT `artista_canciones_ibfk_2` FOREIGN KEY (`id_cancion`) REFERENCES `canciones` (`id_cancion`);

--
-- Filtros para la tabla `cancion_genero`
--
ALTER TABLE `cancion_genero`
  ADD CONSTRAINT `cancion_genero_ibfk_1` FOREIGN KEY (`id_cancion`) REFERENCES `canciones` (`id_cancion`),
  ADD CONSTRAINT `cancion_genero_ibfk_2` FOREIGN KEY (`id_genero`) REFERENCES `genero` (`id_genero`);

--
-- Filtros para la tabla `favoritas`
--
ALTER TABLE `favoritas`
  ADD CONSTRAINT `favoritas_ibfk_1` FOREIGN KEY (`id_cancion`) REFERENCES `canciones` (`id_cancion`),
  ADD CONSTRAINT `favoritas_ibfk_2` FOREIGN KEY (`id_usuario`) REFERENCES `usuarios` (`id_usuario`);

--
-- Filtros para la tabla `playlist`
--
ALTER TABLE `playlist`
  ADD CONSTRAINT `playlist_ibfk_1` FOREIGN KEY (`id_usuario`) REFERENCES `usuarios` (`id_usuario`);

--
-- Filtros para la tabla `playlist_cancion`
--
ALTER TABLE `playlist_cancion`
  ADD CONSTRAINT `playlist_cancion_ibfk_1` FOREIGN KEY (`id_cancion`) REFERENCES `canciones` (`id_cancion`),
  ADD CONSTRAINT `playlist_cancion_ibfk_2` FOREIGN KEY (`id_playlist`) REFERENCES `playlist` (`id_playlist`);

--
-- Filtros para la tabla `usuarios`
--
ALTER TABLE `usuarios`
  ADD CONSTRAINT `usuarios_ibfk_1` FOREIGN KEY (`id_membresia`) REFERENCES `membresias` (`id_membresia`);
COMMIT;

/*!40101 SET CHARACTER_SET_CLIENT=@OLD_CHARACTER_SET_CLIENT */;
/*!40101 SET CHARACTER_SET_RESULTS=@OLD_CHARACTER_SET_RESULTS */;
/*!40101 SET COLLATION_CONNECTION=@OLD_COLLATION_CONNECTION */;
